{
  "timestamp": "20251021_075751",
  "num_images": 3,
  "config": {
    "steps": 600,
    "learning_rate": 0.01,
    "betas": [
      0.9,
      0.999
    ],
    "log_interval": 50,
    "save_interval": 100
  },
  "results": [
    {
      "name": "ffhq_1.png",
      "initial_loss": 0.22114679217338562,
      "final_loss": 0.03306715935468674,
      "time": 54.529964447021484
    },
    {
      "name": "ffhq_3.png",
      "initial_loss": 0.33195915818214417,
      "final_loss": 0.05699630826711655,
      "time": 55.36904287338257
    },
    {
      "name": "ffhq_2.png",
      "initial_loss": 0.2507287263870239,
      "final_loss": 0.05993342772126198,
      "time": 54.672746419906616
    }
  ]
}