{
  "ffhq_1.png": {
    "psnr": 21.097230141277446,
    "ssim": 0.6171906590461731,
    "lpips": 0.2628943622112274
  },
  "ffhq_2.png": {
    "psnr": 19.857965588333457,
    "ssim": 0.5616200566291809,
    "lpips": 0.2308264672756195
  },
  "ffhq_3.png": {
    "psnr": 23.138690077180502,
    "ssim": 0.6835038065910339,
    "lpips": 0.28394317626953125
  }
}