{
  "ffhq_1.png": {
    "psnr": 12.322216348775651,
    "ssim": 0.14219778776168823,
    "lpips": 0.09181904792785645
  },
  "ffhq_2.png": {
    "psnr": 13.514747716991868,
    "ssim": 0.17988741397857666,
    "lpips": 0.09493470191955566
  },
  "ffhq_3.png": {
    "psnr": 13.4868227874171,
    "ssim": 0.20155704021453857,
    "lpips": 0.15428026020526886
  }
}