{
  "image_name": "ffhq_1.png",
  "initial_loss": 0.22114679217338562,
  "final_loss": 0.03306715935468674,
  "improvement": 0.18807963281869888,
  "optimization_time": 54.529964447021484,
  "num_steps": 600,
  "psnr": 17.888639995939446,
  "ssim": 0.4872084582901981,
  "lpips": 0.03308163955807686
}