{
  "image_name": "ffhq_2.png",
  "initial_loss": 0.2507287263870239,
  "final_loss": 0.05993342772126198,
  "improvement": 0.19079529866576195,
  "optimization_time": 54.672746419906616,
  "num_steps": 600,
  "psnr": 16.06324067776894,
  "ssim": 0.42730742363662083,
  "lpips": 0.0599367618560791
}