{
  "image_name": "ffhq_3.png",
  "initial_loss": 0.33195915818214417,
  "final_loss": 0.05699630826711655,
  "improvement": 0.2749628499150276,
  "optimization_time": 55.36904287338257,
  "num_steps": 600,
  "psnr": 18.66546492833412,
  "ssim": 0.5423000396212723,
  "lpips": 0.05685915797948837
}