{
  "ffhq_1.png": {
    "psnr": 21.096920061304672,
    "ssim": 0.61720210313797,
    "lpips": 0.2625993490219116
  },
  "ffhq_2.png": {
    "psnr": 19.859274417054422,
    "ssim": 0.5617945790290833,
    "lpips": 0.22957146167755127
  },
  "ffhq_3.png": {
    "psnr": 23.135154132311303,
    "ssim": 0.6832668781280518,
    "lpips": 0.28443068265914917
  }
}